{"node11_0_0": [0.7140111625321318, 0.0002715719977899451], "node11_0_1": [0.7233858329355626, 0.000300226838779439], "node11_0_2": [0.9988770939884214, 0.0003017654923459983], "node11_0_3": [1.664468984840603, 0.00038042994246514206], "node11_1_0": [0.9620297155134554, 0.00020418828787744023], "node11_1_1": [0.8837822329020095, 0.00025168263284677957], "node11_1_2": [0.9235232834840766, 0.00022948086473337435], "node11_1_3": [2.444454227811858, 0.0003430250233691367], "node11_2_0": [3.3330026731541267, -4.981185892602003e-05], "node11_2_1": [2.3113646318584307, -0.00023792317712997558], "node11_2_2": [2.397501663372242, -0.00014759685518980724], "node11_2_3": [5.181914293610899, 0.00011752639140505225], "node11_3_0": [5.052305524068117, -0.00026832270612332586], "node11_3_1": [4.6704269580249145, -0.00018139010308776087], "node11_3_2": [4.028587875541476, -0.0001083128579021588], "node11_3_3": [4.779831399505369, -1.9684875592981288e-05], "node18_0_0": [5.970001979015723, 5.179669394304336e-05], "node18_0_1": [2.2956999422100997, -5.676434329961145e-05], "node18_0_2": [0.6339952511870989, 6.678554584993821e-05], "node18_0_3": [0.8616220131036271, 3.125548594939892e-05], "node18_1_0": [4.616647610967554, 1.2616640678987438e-06], "node18_1_1": [2.648870680040233, -0.00029133347874241833], "node18_1_2": [0.6222385875871129, 7.909078461549743e-05], "node18_1_3": [2.0224800066339332, 1.79864341518449e-05], "node18_2_0": [2.2820907076241426, 9.310184423481254e-05], "node18_2_1": [1.3389596276453513, 0.00011747338288901076], "node18_2_2": [2.0503547849227455, 0.0001090384103738667], "node18_2_3": [6.241251739324089, -0.00015819580960468345], "node18_3_0": [1.8996388237543542, 6.360316237969778e-05], "node18_3_1": [1.9448422372352345, -0.00011364233410449592], "node18_3_2": [4.7307524096664, -1.3144972856373404e-05], "node18_3_3": [11.002221739795413, -0.00018020809649471454], "node5_0_0": [0.5213131783586583, 0.00021703092176384486], "node5_0_1": [0.5480521129460239, 0.00017725322755364465], "node5_0_2": [0.5406649908660888, 1.925652930776697e-05], "node5_0_3": [0.562075309250145, 3.392234903828007e-05], "node5_1_0": [0.3491619643404961, 8.428267239927805e-05], "node5_1_1": [0.3793366862860696, 0.00012819853982944617], "node5_1_2": [0.45521497002065325, -7.169493739822612e-05], "node5_1_3": [0.49351249106657147, 4.19941182054738e-05], "node5_2_0": [0.3728915259334059, 4.8435902349153615e-05], "node5_2_1": [0.35875497858313155, -4.136884930536897e-05], "node5_2_2": [0.500887071248784, -0.00024785780139299703], "node5_2_3": [0.4630836920960967, -0.00024105188671598552], "node5_3_0": [0.4343710012936605, 6.506240291424284e-05], "node5_3_1": [0.40930226221571125, -0.00016135702955835427], "node5_3_2": [0.5241386633019924, -0.0004703036548674694], "node5_3_3": [0.5813959143479706, -0.0002821489104743218], "node6_0_0": [1.8225886267585183, 0.00015566983254613505], "node6_0_1": [0.5922918662916165, 0.00016851326360699947], "node6_0_2": [0.49377692724189803, -8.076921369546856e-05], "node6_0_3": [0.9272546888166908, -4.2915625995066254e-05], "node6_1_0": [1.6390428914263064, 0.00012192573948160484], "node6_1_1": [0.6403491769707542, 0.00010513845178908094], "node6_1_2": [0.6968969315518736, -6.8713383731253456e-06], "node6_1_3": [1.4374391897460193, 0.00012885904969009383], "node6_2_0": [0.9887772083376586, -0.00014751641190130269], "node6_2_1": [0.7121229149059883, -5.0997200913267576e-05], "node6_2_2": [1.0053670389253224, 0.00015672394564185662], "node6_2_3": [2.3405288037260985, 0.0002445433077508769], "node6_3_0": [0.8585066813833108, -0.00047813090880662496], "node6_3_1": [1.0881235665661593, -0.00010750657484376059], "node6_3_2": [1.7226705332536327, 3.831024151608017e-05], "node6_3_3": [3.4970692310523095, 0.000210852384228427], "node7_0_0": [5.260119845358407, -0.00028457963904317724], "node7_0_1": [2.70601703785349, -0.0002881995415564548], "node7_0_2": [0.9064799501262061, -9.346528290695921e-05], "node7_0_3": [0.8830881927251873, -7.55126063800394e-05], "node7_1_0": [3.37236931240153, 5.821295758515389e-05], "node7_1_1": [1.1736791097698749, -1.417854419035732e-05], "node7_1_2": [0.5627815381571395, -9.033787381939767e-05], "node7_1_3": [0.7841978497553287, -2.884347343500408e-05], "node7_2_0": [1.2777634655348393, -1.1446580089957655e-06], "node7_2_1": [0.7719502081341737, 4.12677734144202e-05], "node7_2_2": [0.4969679221348358, 8.131723913878733e-06], "node7_2_3": [0.5912510933442313, 5.832934798812354e-05], "node7_3_0": [2.993820221306193, 2.598817150380152e-05], "node7_3_1": [1.139647712012713, -2.741707194044225e-05], "node7_3_2": [0.6453112546549934, -0.00012136692398031446], "node7_3_3": [0.85208400898835, -0.00010950383439581836], "node8_0_0": [1.532754290521121, 0.0002350985852037756], "node8_0_1": [1.2542033051090897, 0.00013650979718703702], "node8_0_2": [1.3743240904183387, 0.00020435812548204126], "node8_0_3": [2.72070636443735, 0.0002650548943557078], "node8_1_0": [2.217437774941655, -4.842632351818712e-05], "node8_1_1": [0.8611365693309458, -0.00020419216376780255], "node8_1_2": [0.5471839253008575, -7.689753994010641e-05], "node8_1_3": [0.9521554759230915, 9.457662489946935e-05], "node8_2_0": [2.964983741649903, 2.2655458420228697e-05], "node8_2_1": [0.9518545254278685, -4.6031346700593954e-05], "node8_2_2": [0.8017485029944289, -4.100982313348023e-05], "node8_2_3": [0.9510886284274648, -1.842614149381615e-05], "node8_3_0": [1.9859274343192437, -1.1379490453257075e-05], "node8_3_1": [1.3698266236389918, 2.7970871376201553e-06], "node8_3_2": [1.331567796109054, 7.75028116767229e-05], "node8_3_3": [1.3509121791778222, 0.0001190294348633833], "node9_0_0": [11.575848840367696, 0.00028651799176534587], "node9_0_1": [1.0515673373246173, -7.621591249214711e-05], "node9_0_2": [0.7815994174018926, -5.900694321838596e-05], "node9_0_3": [2.989014076023146, 0.00013232487373416533], "node9_1_0": [8.427880058232317, 0.00021186536884459445], "node9_1_1": [0.670730700831802, -3.578885757035303e-05], "node9_1_2": [0.5563362155321, -6.616882920284245e-05], "node9_1_3": [2.111260750208836, 0.00010107172062154896], "node9_2_0": [4.273297872435982, 0.00015393213099297739], "node9_2_1": [0.8750171267325123, -0.00017699647769205926], "node9_2_2": [0.8363813948269249, -3.2867529229253725e-05], "node9_2_3": [1.6977042418504418, 6.026380977878084e-05], "node9_3_0": [8.76055364147197, 0.00017078978480459105], "node9_3_1": [2.736662270794134, -4.891976332268403e-05], "node9_3_2": [2.5641349678366865, -7.340146865469876e-05], "node9_3_3": [3.545319324445261, -5.1176945111604876e-05]}